nome,time_abreviado,idade,altura,peso,universidade,país,num_jogos,pontos,rebotes,assistencias,temporada
Dennis Rodman,CHI,36,198.12,99.79024,Southeastern Oklahoma State,USA,55,5.7,16.1,3.1,1996-97
Dwayne Schintzius,LAC,28,215.9,117.93392,Florida,USA,15,2.3,1.5,0.3,1996-97
Earl Cureton,TOR,39,205.74,95.25432,Detroit Mercy,USA,9,0.8,1,0.4,1996-97
Ed O'Bannon,DAL,24,203.2,100.697424,UCLA,USA,64,3.7,2.3,0.6,1996-97
Ed Pinckney,MIA,34,205.74,108.86208,Villanova,USA,27,2.4,2.4,0.2,1996-97
Eddie Johnson,HOU,38,200.66,97.52228,Illinois,USA,52,8.2,2.7,1,1996-97
Eddie Jones,LAL,25,198.12,86.18248,Temple,USA,80,17.2,4.1,3.4,1996-97
Elden Campbell,LAL,28,213.36,113.398,Clemson,USA,77,14.9,8,1.6,1996-97
Eldridge Recasner,ATL,29,193.04,86.18248,Washington,USA,71,5.7,1.6,1.3,1996-97
Elliot Perry,MIL,28,182.88,72.57472,Memphis,USA,82,6.9,1.5,3,1996-97
Elmer Bennett,DEN,27,182.88,77.11064,Notre Dame,USA,9,2.4,0.4,1.2,1996-97
Elmore Spencer,SEA,27,213.36,122.46984,Nevada-Las Vegas,USA,1,0,0,0,1996-97
Emanual Davis,HOU,28,195.58,87.996848,Delaware State,USA,13,5,1.7,2,1996-97
Ennis Whatley,POR,34,190.5,80.285784,Alabama,USA,3,1.3,1,1,1996-97
Eric Leckner,VAN,31,210.82,120.20188,Wyoming,USA,20,1.7,1.8,0.3,1996-97
Eric Mobley,VAN,27,210.82,106.59412,Pittsburgh,USA,28,2.6,2.1,0.5,1996-97
Eric Montross,NJN,25,213.36,122.46984,North Carolina,USA,78,4.4,6.6,0.8,1996-97
Eric Murdock,DEN,29,185.42,86.18248,Providence,USA,12,3.8,0.9,2,1996-97
Eric Piatkowski,LAC,26,200.66,97.52228,Nebraska,USA,65,6,1.6,0.8,1996-97
Eric Snow,SEA,24,190.5,90.7184,Michigan State,USA,67,3,1,2.4,1996-97
Eric Williams,BOS,24,203.2,99.79024,Providence,USA,72,15,4.6,1.8,1996-97
Erick Dampier,IND,21,210.82,120.20188,Mississippi State,USA,72,5.1,4.1,0.6,1996-97
Erick Strickland,DAL,23,190.5,95.25432,Nebraska,USA,28,10.6,3.2,2.4,1996-97
Ervin Johnson,DEN,29,210.82,111.13004,New Orleans,USA,82,7.1,11.1,0.9,1996-97
Duane Ferrell,IND,32,200.66,97.52228,Georgia Tech,USA,62,6.4,2.3,1.1,1996-97
Duane Causwell,SAC,29,213.36,108.86208,Temple,USA,46,2.6,2.8,0.4,1996-97
Doug West,MIN,30,198.12,99.79024,Villanova,USA,68,7.8,2.2,1.7,1996-97
Doug Overton,PHI,27,190.5,86.18248,La Salle,USA,61,3.6,1.1,1.7,1996-97
Dell Demps,ORL,27,190.5,92.98636,Pacific,USA,2,1,0,0,1996-97
Dennis Scott,ORL,28,203.2,106.59412,Georgia Tech,USA,66,12.5,3.1,2.1,1996-97
Derek Fisher,LAL,22,185.42,90.7184,Arkansas-Little Rock,USA,80,3.9,1.2,1.5,1996-97
Derek Harper,DAL,35,193.04,93.439952,Illinois,USA,75,10,1.8,4.3,1996-97
Derek Strong,ORL,29,205.74,108.86208,Xavier,USA,82,8.5,6.3,0.9,1996-97
Derrick Alston,ATL,24,210.82,102.0582,Duquesne,USA,2,0,2,0,1996-97
Derrick Coleman,PHI,30,208.28,117.93392,Syracuse,USA,57,18.1,10.1,3.4,1996-97
Derrick McKey,IND,30,205.74,92.98636,Alabama,USA,50,8,4.8,2.7,1996-97
Detlef Schrempf,SEA,34,208.28,106.59412,Washington,USA,61,16.8,6.5,4.4,1996-97
Devin Gray,SAS,25,200.66,108.86208,Clemson,USA,6,3,2.3,0.3,1996-97
Dexter Boney,PHX,27,193.04,83.91452,Nevada-Las Vegas,USA,8,2.4,0.8,0,1996-97
Evric Gray,NJN,27,200.66,106.59412,Nevada-Las Vegas,USA,5,2.6,0.6,0.4,1996-97
Dickey Simpkins,CHI,25,205.74,112.490816,Providence,USA,48,1.9,1.9,0.6,1996-97
Dino Radja,BOS,30,210.82,102.0582,None,USA,25,14,8.4,1.9,1996-97
Dominique Wilkins,SAS,37,203.2,104.32616,Georgia,USA,63,18.2,6.4,1.9,1996-97
Don MacLean,PHI,27,208.28,106.59412,UCLA,USA,37,10.9,3.8,1,1996-97
Don Reid,DET,23,203.2,113.398,Georgetown,USA,47,2.8,2.1,0.3,1996-97
Donald Royal,CHH,31,203.2,98.883056,Notre Dame,USA,62,3.5,2.5,0.4,1996-97
Donald Whiteside,TOR,28,177.8,72.57472,Northern Illinois,USA,27,2.2,0.4,1.3,1996-97
Donnie Boyce,ATL,23,195.58,88.904032,Colorado,USA,22,2.5,0.7,0.6,1996-97
Donny Marshall,CLE,24,200.66,104.32616,Connecticut,USA,56,3.1,1.3,0.4,1996-97
Dontonio Wingfield,POR,23,203.2,116.119552,Cincinnati,USA,47,4.5,2.9,1,1996-97
Donyell Marshall,GSW,24,205.74,104.32616,Connecticut,USA,61,7.3,4.5,0.9,1996-97
Doug Christie,TOR,27,198.12,92.98636,Pepperdine,USA,81,14.5,5.3,3.9,1996-97
Dikembe Mutombo,ATL,31,218.44,113.398,Georgetown,Congo,80,13.3,11.6,1.4,1996-97
Dell Curry,CHH,33,195.58,92.98636,Virginia Tech,USA,68,14.8,3.1,1.7,1996-97
Felton Spencer,GSW,29,213.36,127.00576,Louisville,USA,73,5.1,5.7,0.3,1996-97
Frankie King,PHI,25,185.42,83.91452,Western Carolina,USA,7,2.9,2,0.7,1996-97
Horacio Llamas,PHX,23,210.82,129.27372,Grand Canyon,USA,20,1.7,0.9,0.2,1996-97
Hot Rod Williams,PHX,34,210.82,111.13004,Tulane,USA,68,8,8.3,1.5,1996-97
Howard Eisley,UTA,24,187.96,80.285784,Boston College,USA,82,4.5,1,2.4,1996-97
Hubert Davis,TOR,27,195.58,83.007336,North Carolina,USA,36,5,1.1,0.9,1996-97
Ike Austin,MIA,27,208.28,122.46984,Arizona State,USA,82,9.7,5.8,1.2,1996-97
Isaiah Rider,POR,26,195.58,97.52228,Nevada-Las Vegas,USA,76,16.1,4,2.6,1996-97
Ivano Newbill,ATL,26,208.28,111.13004,Georgia Tech,USA,72,1.4,2.8,0.3,1996-97
Jack Haley,NJN,33,208.28,109.769264,UCLA,USA,20,2,1.6,0.3,1996-97
Jalen Rose,IND,24,203.2,95.25432,Michigan,USA,66,7.3,1.8,2.3,1996-97
Jamal Mashburn,MIA,24,203.2,113.398,Kentucky,USA,69,11.9,4.3,2.9,1996-97
James Robinson,MIN,26,187.96,81.64656,Alabama,USA,69,8.3,1.6,1.8,1996-97
James Scott,MIA,25,198.12,81.64656,St. John's (NY),USA,8,0.1,0.8,0.4,1996-97
Jamie Feick,SAS,22,203.2,115.66596,Michigan State,USA,41,3.7,5.2,0.6,1996-97
Jamie Watson,DAL,25,200.66,86.18248,South Carolina,USA,23,3.4,2,1.4,1996-97
Jaren Jackson,WAS,29,198.12,95.25432,Georgetown,USA,75,5,1.8,0.9,1996-97
Jason Caffey,CHI,24,203.2,116.119552,Alabama,USA,75,7.3,4,1.2,1996-97
Jason Kidd,PHX,24,193.04,94.347136,California,USA,55,10.9,4.5,9,1996-97
Jason Sasser,DAL,23,200.66,102.0582,Texas Tech,USA,8,2.4,1,0.3,1996-97
Jayson Williams,NJN,29,205.74,108.86208,St. John's (NY),USA,41,13.4,13.5,1.2,1996-97
Jeff Grayer,SAC,31,195.58,95.25432,Iowa State,USA,25,3.6,1.5,1,1996-97
Jeff Hornacek,UTA,34,193.04,86.18248,Iowa State,USA,82,14.5,2.9,4.4,1996-97
Jeff McInnis,DEN,22,193.04,86.18248,North Carolina,USA,13,5,0.5,1.4,1996-97
Jermaine O'Neal,POR,18,210.82,102.511792,None,USA,45,4.1,2.8,0.2,1996-97
Horace Grant,ORL,31,208.28,111.13004,Clemson,USA,67,12.6,9,2.4,1996-97
Hersey Hawkins,SEA,30,190.5,86.18248,Bradley,USA,82,13.9,3.9,3,1996-97
Herb Williams,NYK,39,210.82,117.93392,Ohio State,USA,21,1.9,1.5,0.2,1996-97
Henry James,ATL,31,203.2,99.79024,St. Mary's (TX),USA,53,6.7,1.5,0.4,1996-97
Fred Roberts,DAL,36,208.28,98.883056,Brigham Young,USA,12,1.8,0.8,0,1996-97
Gary Grant,MIA,32,190.5,83.91452,Michigan,USA,28,3.9,1.4,1.6,1996-97
Gary Payton,SEA,28,193.04,86.18248,Oregon State,USA,82,21.8,4.6,7.1,1996-97
Gary Trent,POR,22,203.2,113.398,Ohio,USA,82,10.8,5.2,1.1,1996-97
Gaylon Nickerson,WAS,28,190.5,86.18248,Northwestern Oklahoma,USA,4,3.8,1.3,0.3,1996-97
George Lynch,VAN,26,203.2,103.418976,North Carolina,USA,41,8.3,6.4,1.9,1996-97
George McCloud,LAL,30,203.2,102.0582,Florida State,USA,64,10.2,2.8,1.7,1996-97
George Zidek,DEN,23,213.36,119.748288,UCLA,USA,52,2.8,1.7,0.3,1996-97
Gerald Wilkins,ORL,33,198.12,102.0582,Tennessee-Chattanooga,USA,80,10.6,2.2,2.2,1996-97
Gheorghe Muresan,WAS,26,231.14,137.438376,None,USA,73,10.6,6.6,0.4,1996-97
Glen Rice,CHH,30,203.2,99.79024,Michigan,USA,79,26.8,4,2,1996-97
Frank Brickowski,BOS,37,205.74,108.86208,Penn State,USA,17,4.8,2,0.9,1996-97
Glenn Robinson,MIL,24,200.66,106.59412,Purdue,USA,80,21.1,6.3,3.1,1996-97
Grant Long,DET,31,205.74,112.490816,Eastern Michigan,USA,65,5,3.4,0.6,1996-97
Greg Anderson,SAS,33,208.28,113.398,Houston,USA,82,3.9,5.5,0.4,1996-97
Greg Anthony,VAN,29,185.42,81.64656,Nevada-Las Vegas,USA,65,9.5,2.8,6.3,1996-97
Greg Dreiling,DAL,33,215.9,120.20188,Kansas,USA,40,2,1.9,0.3,1996-97
Greg Foster,UTA,28,210.82,113.398,Texas-El Paso,USA,79,3.5,2.4,0.4,1996-97
Greg Graham,SEA,26,193.04,82.553744,Indiana,USA,28,3.3,0.5,0.4,1996-97
Greg Minor,BOS,25,198.12,95.25432,Louisville,USA,23,9.6,3.5,1.5,1996-97
Greg Ostertag,UTA,24,218.44,127.00576,Kansas,USA,77,7.3,7.3,0.4,1996-97
Hakeem Olajuwon,HOU,34,213.36,115.66596,Houston,Nigeria,78,23.2,9.2,3,1996-97
Harvey Grant,WAS,31,205.74,102.0582,Oklahoma,USA,78,4.1,3.3,0.9,1996-97
Haywoode Workman,IND,31,187.96,81.64656,Oral Roberts,USA,4,5.5,1.8,2.8,1996-97
Grant Hill,DET,24,203.2,102.0582,Duke,USA,80,21.4,9,7.3,1996-97
Dee Brown,BOS,28,187.96,87.089664,Jacksonville,USA,21,7.6,2.3,3.2,1996-97
Dean Garrett,MIN,30,210.82,113.398,Indiana,USA,68,8,7.3,0.6,1996-97
David Wood,MIL,32,205.74,104.32616,Nevada-Reno,USA,46,1.2,0.6,0.3,1996-97
Ashraf Amaya,WAS,25,203.2,104.32616,Southern Illinois,USA,31,1.3,1.7,0.1,1996-97
Avery Johnson,SAS,32,180.34,81.64656,Southern,USA,76,10.5,1.9,6.8,1996-97
B.J. Armstrong,GSW,29,187.96,79.3786,Iowa,USA,49,7.9,1.5,2.6,1996-97
Ben Davis,PHX,24,205.74,108.86208,Arizona,USA,20,1.5,1.4,0,1996-97
Ben Wallace,WAS,22,205.74,108.86208,Virginia Union,USA,34,1.1,1.7,0.1,1996-97
Benoit Benjamin,TOR,32,213.36,113.398,Creighton,USA,4,3.3,2.3,0.3,1996-97
Bill Wennington,CHI,34,213.36,111.13004,St. John's (NY),USA,61,4.6,2.1,0.7,1996-97
Billy Owens,SAC,28,205.74,102.0582,Syracuse,USA,66,11,5.9,2.8,1996-97
Bimbo Coles,GSW,29,187.96,82.553744,Virginia Tech,USA,51,6.1,2.3,2.9,1996-97
Bison Dele,CHI,28,210.82,117.93392,Arizona,USA,9,7,3.7,1.3,1996-97
Blue Edwards,VAN,31,193.04,103.418976,East Carolina,USA,61,7.8,3.1,1.9,1996-97
Bo Outlaw,LAC,26,203.2,95.25432,Houston,USA,82,7.6,5.5,1.9,1996-97
Bob Sura,CLE,24,195.58,90.7184,Florida State,USA,82,9.2,3.8,4.8,1996-97
Bobby Hurley,SAC,26,182.88,74.84268,Duke,USA,49,2.9,0.8,3,1996-97
Bobby Phills,CLE,27,195.58,99.79024,Southern,USA,69,12.6,3.6,3.4,1996-97
Brad Lohaus,TOR,32,210.82,104.32616,Iowa,USA,6,1.7,1.2,0.2,1996-97
Brent Barry,LAC,25,198.12,88.45044,Oregon State,USA,59,7.5,1.9,2.6,1996-97
Brent Price,HOU,28,185.42,83.91452,Oklahoma,USA,25,5,1.2,2.6,1996-97
Brent Scott,IND,26,208.28,113.398,Rice,USA,16,1.2,0.6,0.2,1996-97
Brett Szabo,BOS,29,210.82,104.32616,Augustana (SD),USA,70,2.2,2.4,0.2,1996-97
Brian Evans,ORL,23,203.2,99.79024,Indiana,USA,14,1.4,0.6,0.5,1996-97
Brian Grant,SAC,25,205.74,115.212368,Xavier,USA,24,10.5,5.9,1.2,1996-97
Brian Shaw,ORL,31,198.12,90.7184,California-Santa Barbara,USA,77,7.2,2.5,4.1,1996-97
Arvydas Sabonis,POR,32,220.98,132.448864,None,Lithuania,69,13.4,7.9,2.1,1996-97
Armen Gilliam,MIL,33,205.74,117.93392,Nevada-Las Vegas,USA,80,8.6,6.2,0.7,1996-97
Antonio McDyess,DEN,22,205.74,99.79024,Alabama,USA,74,18.3,7.3,1.4,1996-97
Antonio Lang,CLE,25,203.2,104.32616,Duke,USA,64,2.7,2,0.5,1996-97
A.C. Green,DAL,33,205.74,102.0582,Oregon State,USA,83,7.2,7.9,0.8,1996-97
Aaron McKie,DET,24,195.58,94.800728,Temple,USA,83,5.2,2.7,1.9,1996-97
Aaron Williams,VAN,25,205.74,102.0582,Xavier,USA,33,6.2,4.3,0.5,1996-97
Acie Earl,MIL,27,210.82,108.86208,Iowa,USA,47,4,2,0.4,1996-97
Adam Keefe,UTA,27,205.74,109.315672,Stanford,USA,62,3.8,3.5,0.5,1996-97
Adrian Caldwell,PHI,30,203.2,120.20188,Lamar,USA,45,2.2,3.7,0.3,1996-97
Alan Henderson,ATL,24,205.74,106.59412,Indiana,USA,30,6.6,3.9,0.8,1996-97
Aleksandar Djordjevic,POR,29,187.96,89.811216,None,USA,8,3.1,0.6,0.6,1996-97
Allan Houston,NYK,26,198.12,90.7184,Tennessee,USA,81,14.8,3,2.2,1996-97
Allen Iverson,PHI,22,182.88,74.84268,Georgetown,USA,76,23.5,4.1,7.5,1996-97
Alonzo Mourning,MIA,27,208.28,118.387512,Georgetown,USA,66,19.8,9.9,1.6,1996-97
Brooks Thompson,DEN,26,193.04,87.543256,Oklahoma State,USA,67,6.6,1.4,2.7,1996-97
Alton Lister,BOS,38,213.36,111.13004,Arizona State,USA,53,1.6,3.2,0.2,1996-97
Andrew DeClercq,GSW,24,208.28,104.32616,Florida,USA,71,5.3,4.2,0.5,1996-97
Andrew Lang,MIL,31,210.82,124.7378,Arkansas,USA,52,5.3,5.3,0.5,1996-97
Anfernee Hardaway,ORL,25,200.66,97.52228,Memphis,USA,59,20.5,4.5,5.6,1996-97
Anthony Goldwire,DEN,25,187.96,82.553744,Houston,USA,60,6.5,1.4,3.7,1996-97
Anthony Mason,CHH,30,203.2,113.398,Tennessee State,USA,73,16.2,11.4,5.7,1996-97
Anthony Miller,ATL,25,205.74,115.66596,Michigan State,USA,1,0,7,0,1996-97
Anthony Peeler,VAN,27,193.04,94.347136,Missouri,USA,72,14.5,3.4,3.6,1996-97
Antoine Carr,UTA,35,205.74,115.66596,Wichita State,USA,82,7.4,2.4,0.9,1996-97
Antoine Walker,BOS,20,205.74,101.604608,Kentucky,USA,82,17.5,9,3.2,1996-97
Antonio Davis,IND,28,205.74,104.32616,Texas-El Paso,USA,82,10.5,7.3,0.8,1996-97
Antonio Harvey,SEA,26,210.82,102.0582,Pfeiffer,USA,6,2.5,1.7,0.2,1996-97
Amal McCaskill,ORL,23,210.82,106.59412,Marquette,USA,17,1.6,1.3,0.4,1996-97
Bruce Bowen,MIA,26,200.66,90.7184,Cal State-Fullerton,USA,1,0,0,0,1996-97
Bryant Reeves,VAN,24,213.36,124.7378,Oklahoma State,USA,75,16.2,8.1,2.1,1996-97
Bryant Stith,DEN,26,195.58,94.347136,Virginia,USA,52,14.9,4.2,2.6,1996-97
Clifford Robinson,POR,30,208.28,102.0582,Connecticut,USA,81,15.1,4,3.2,1996-97
Clifford Rozier,TOR,24,210.82,104.32616,Louisville,USA,42,4.5,5.6,0.7,1996-97
Clyde Drexler,HOU,35,200.66,100.697424,Houston,USA,62,18,6,5.7,1996-97
Corie Blount,LAL,28,208.28,109.769264,Cincinnati,USA,58,4.2,4.8,0.6,1996-97
Corliss Williamson,SAC,23,200.66,111.13004,Arkansas,USA,79,11.6,4.1,1.6,1996-97
Cory Alexander,SAS,24,185.42,86.18248,Virginia,USA,80,7.2,1.5,3.2,1996-97
Craig Ehlo,SEA,35,198.12,81.64656,Washington State,USA,62,3.5,1.8,1.1,1996-97
Cuonzo Martin,MIL,25,195.58,96.615096,Purdue,USA,3,0,0.3,0.3,1996-97
Dale Davis,IND,28,210.82,104.32616,Clemson,USA,80,10.4,9.7,0.7,1996-97
Dale Ellis,DEN,36,200.66,97.52228,Tennessee,USA,82,16.6,3.6,2,1996-97
Damon Stoudamire,TOR,23,177.8,77.564232,Arizona,USA,81,20.2,4.1,8.8,1996-97
Clar. Weatherspoon,PHI,26,200.66,108.86208,Southern Mississippi,USA,82,12.2,8.3,1.7,1996-97
Dan Majerle,MIA,31,198.12,99.79024,Central Michigan,USA,36,10.8,4.5,3.2,1996-97
Dana Barros,BOS,30,180.34,73.935496,Boston College,USA,24,12.5,2,3.4,1996-97
Danny Ferry,CLE,30,208.28,106.59412,Duke,USA,82,10.6,4.1,1.8,1996-97
Danny Manning,PHX,31,208.28,106.140528,Kansas,USA,77,13.5,6.1,2.2,1996-97
Darrell Armstrong,ORL,29,185.42,81.64656,Fayetteville State,USA,67,6.1,1.1,2.6,1996-97
Darrick Martin,LAC,26,180.34,77.11064,UCLA,USA,82,10.9,1.4,4.1,1996-97
Darrin Hancock,ATL,25,200.66,92.98636,Kansas,USA,24,1.8,0.8,0.5,1996-97
Darvin Ham,IND,23,200.66,99.79024,Texas Tech,USA,36,2.3,1.6,0.4,1996-97
David Robinson,SAS,31,215.9,106.59412,Navy,USA,6,17.7,8.5,1.3,1996-97
David Vaughn,ORL,24,205.74,108.86208,Memphis,USA,35,2.3,2.7,0.2,1996-97
David Wesley,BOS,26,185.42,89.811216,Baylor,USA,74,16.8,3.6,7.3,1996-97
David Wingate,SEA,33,195.58,83.91452,Georgetown,USA,65,3.6,1.1,1.2,1996-97
Dan Schayes,ORL,38,210.82,117.93392,Syracuse,USA,45,3,2.8,0.3,1996-97
Jerome Allen,DEN,24,193.04,83.460928,Pennsylvania,USA,76,3,1.3,2,1996-97
Chucky Brown,MIL,29,203.2,97.52228,North Carolina State,USA,70,2.9,2.1,0.4,1996-97
Chris Whitney,WAS,25,182.88,77.11064,Clemson,USA,82,5.2,1.3,2.2,1996-97
Bryon Russell,UTA,26,200.66,102.0582,Long Beach State,USA,81,10.8,4.1,1.5,1996-97
Buck Williams,NYK,37,203.2,102.0582,Maryland,USA,74,6.3,5.4,0.7,1996-97
Byron Scott,LAL,36,193.04,92.98636,Arizona State,USA,79,6.7,1.5,1.3,1996-97
Calbert Cheaney,WAS,25,200.66,97.52228,Indiana,USA,79,10.6,3.4,1.4,1996-97
Carl Herrera,SAS,30,205.74,102.0582,Houston,USA,75,8,4.5,0.7,1996-97
Carl Thomas,CLE,27,193.04,79.3786,Eastern Michigan,USA,19,1.1,0.7,0.4,1996-97
Carlos Rogers,TOR,26,210.82,99.79024,Tennessee State,USA,56,9.8,5.4,0.7,1996-97
Cedric Ceballos,PHX,27,200.66,102.0582,Cal State-Fullerton,USA,50,14.6,6.6,1.3,1996-97
Charles Barkley,HOU,34,198.12,114.305184,Auburn,USA,53,19.2,13.5,4.7,1996-97
Charles Jones,HOU,40,205.74,97.52228,Albany State (GA),USA,12,0.3,1.1,0.3,1996-97
Charles Oakley,NYK,33,205.74,111.13004,Virginia Union,USA,80,10.8,9.8,2.8,1996-97
Christian Laettner,ATL,27,210.82,111.13004,Duke,USA,82,18.1,8.8,2.7,1996-97
Charles Smith,SAS,31,208.28,110.676448,Pittsburgh,USA,19,4.6,3.4,0.7,1996-97
Cherokee Parks,MIN,24,210.82,108.86208,Duke,USA,76,3.3,2.6,0.4,1996-97
Chris Carr,MIN,23,198.12,99.79024,Southern Illinois,USA,55,6.1,2.1,0.9,1996-97
Chris Childs,NYK,29,190.5,88.45044,Boise State,USA,65,9.3,2.9,6.1,1996-97
Chris Dudley,POR,32,210.82,108.86208,Yale,USA,81,3.9,7.3,0.5,1996-97
Chris Gatling,NJN,29,208.28,104.32616,Old Dominion,USA,47,19,7.9,0.6,1996-97
Chris Jent,NYK,27,200.66,99.79024,Ohio State,USA,3,2,0.3,0.3,1996-97
Chris Mills,CLE,27,200.66,97.975872,Arizona,USA,80,13.4,6.2,2.5,1996-97
Chris Morris,UTA,31,203.2,99.79024,Auburn,USA,73,4.3,2.2,0.6,1996-97
Chris Mullin,GSW,33,200.66,97.52228,St. John's (NY),USA,79,14.5,4,4.1,1996-97
Chris Robinson,VAN,23,195.58,90.7184,Western Kentucky,USA,41,4.6,1.7,1.6,1996-97
Chris Webber,WAS,24,208.28,111.13004,Michigan,USA,72,20.1,10.3,4.6,1996-97
Charlie Ward,NYK,26,187.96,86.18248,Florida State,USA,79,5.2,2.8,4.1,1996-97
Jerome Kersey,LAL,35,200.66,108.86208,Longwood,USA,70,6.8,5.2,1.3,1996-97
Fred Hoiberg,IND,24,193.04,92.079176,Iowa State,USA,47,4.8,1.7,0.9,1996-97
Jerry Stackhouse,PHI,22,198.12,98.883056,North Carolina,USA,81,20.7,4.2,3.1,1996-97
Rumeal Robinson,POR,30,187.96,88.45044,Michigan,USA,54,3.3,0.9,1.4,1996-97
Sam Cassell,NJN,27,190.5,83.91452,Florida State,USA,61,15.9,3,5,1996-97
Sam Mack,HOU,27,200.66,99.79024,Houston,USA,52,5.6,2,1.1,1996-97
Sam Mitchell,MIN,33,200.66,97.52228,Mercer,USA,82,9.3,4,1,1996-97
Sam Perkins,SEA,36,205.74,115.66596,North Carolina,USA,81,11,3.7,1.3,1996-97
Samaki Walker,DAL,21,205.74,108.86208,Louisville,USA,43,4.9,3.4,0.4,1996-97
Sarunas Marciulionis,DEN,33,195.58,90.7184,None,USA,17,6.8,1.8,1.5,1996-97
Sasha Danilovic,DAL,27,198.12,90.7184,None,USA,56,12.5,2.4,1.8,1996-97
Scott Brooks,NYK,31,180.34,74.84268,California-Irvine,USA,38,1.5,0.5,0.8,1996-97
Scott Burrell,GSW,26,200.66,102.511792,Connecticut,USA,57,5.2,2.8,1.3,1996-97
Scott Williams,PHI,29,208.28,104.32616,North Carolina,USA,62,5.8,6.4,0.7,1996-97
Ruben Nembhard,POR,25,190.5,94.347136,Weber State,USA,10,4,0.8,1.7,1996-97
Scottie Pippen,CHI,31,200.66,103.418976,Central Arkansas,USA,82,20.2,6.5,5.7,1996-97
Sean Rooks,LAL,27,208.28,117.93392,Arizona,USA,69,3.8,2.4,0.6,1996-97
Sedale Threatt,HOU,35,187.96,83.91452,West Virginia Tech,USA,21,3.3,1.1,1.9,1996-97
Shandon Anderson,UTA,23,198.12,94.347136,Georgia,USA,65,5.9,2.8,0.8,1996-97
Shane Heal,MIN,26,182.88,81.64656,None,USA,43,1.7,0.4,0.8,1996-97
Shaquille O'Neal,LAL,25,215.9,136.0776,Louisiana State,USA,51,26.2,12.5,3.1,1996-97
Shareef Abdur-Rahim,VAN,20,205.74,104.32616,California,USA,80,18.7,6.9,2.2,1996-97
Sharone Wright,TOR,24,210.82,117.93392,Clemson,USA,60,6.5,3.1,0.5,1996-97
Shawn Bradley,DAL,25,228.6,112.490816,Brigham Young,USA,73,13.2,8.4,0.7,1996-97
Shawn Kemp,SEA,27,208.28,116.119552,Trinity Valley Community College,USA,81,18.7,10,1.9,1996-97
Jerome Williams,DET,24,205.74,93.439952,Georgetown,USA,33,1.5,1.5,0.2,1996-97
Shawnelle Scott,CLE,25,210.82,113.398,St. John's (NY),USA,16,1.3,1,0,1996-97
Sean Elliott,SAS,29,203.2,99.79024,Arizona,USA,39,14.9,4.9,3.2,1996-97
Sherman Douglas,MIL,30,185.42,88.45044,Syracuse,USA,79,9.7,2.4,5.4,1996-97
Roy Rogers,VAN,23,208.28,106.59412,Alabama,USA,82,6.6,4.7,0.6,1996-97
Ron Harper,CHI,33,198.12,97.975872,Miami (OH),USA,76,6.3,2.5,2.5,1996-97
Randolph Childress,DET,24,187.96,85.275296,Wake Forest,USA,23,1.7,0.3,0.7,1996-97
Randy Brown,CHI,29,187.96,86.18248,New Mexico State,USA,72,4.7,1.5,1.8,1996-97
Randy Livingston,HOU,22,193.04,94.800728,Louisiana State,USA,64,3.9,1.5,2.4,1996-97
Rasheed Wallace,POR,22,210.82,102.0582,North Carolina,USA,62,15.1,6.8,1.2,1996-97
Ray Allen,MIL,21,195.58,92.98636,Connecticut,USA,82,13.4,4,2.6,1996-97
Ray Owes,GSW,24,205.74,101.604608,Arizona,USA,57,3.1,2.9,0.3,1996-97
Reggie Geary,CLE,23,187.96,84.821704,Arizona,USA,39,1.5,0.4,0.9,1996-97
Reggie Jordan,MIN,29,193.04,88.45044,New Mexico State,USA,19,2.1,1.4,0.6,1996-97
Reggie Miller,IND,31,200.66,83.91452,UCLA,USA,81,21.6,3.5,3.4,1996-97
Reggie Slater,TOR,26,200.66,97.52228,Wyoming,USA,26,7.8,3.7,0.8,1996-97
Reggie Williams,NJN,33,201,86,Georgetown,USA,13,5.8,2.4,0.8,1996-97
Rony Seikaly,ORL,32,210.82,114.758776,Syracuse,USA,74,17.3,9.5,1.2,1996-97
Rex Chapman,PHX,29,193.04,88.45044,Kentucky,USA,65,13.8,2.8,2.8,1996-97
Richard Manning,LAC,27,210.82,111.13004,Washington,USA,26,2.9,1.5,0.1,1996-97
Rick Fox,BOS,27,200.66,112.944408,North Carolina,Canada,76,15.4,5.2,3.8,1996-97
Rick Mahorn,DET,38,208.28,117.93392,Hampton,USA,22,2.5,2.4,0.3,1996-97
Ricky Pierce,CHH,37,193.04,97.52228,Rice,USA,60,11,2,1.3,1996-97
Rik Smits,IND,30,223.52,120.20188,Marist,USA,52,17.1,6.9,1.3,1996-97
Robert Horry,LAL,26,208.28,99.79024,Alabama,USA,54,7.8,4.4,2,1996-97
Robert Pack,DAL,28,187.96,86.18248,Southern California,USA,54,14.3,2.7,8.4,1996-97
Robert Parish,CHI,43,215.9,110.676448,Centenary (LA),USA,43,3.7,2.1,0.5,1996-97
Robert Werdann,NJN,26,210.82,113.398,St. John's (NY),USA,6,1.5,1,0,1996-97
Rod Strickland,WAS,30,190.5,83.91452,DePaul,USA,82,17.2,4.1,8.9,1996-97
Rodney Rogers,LAC,26,200.66,115.66596,Wake Forest,USA,81,13.2,5.1,2.7,1996-97
Rex Walters,PHI,27,193.04,86.18248,Kansas,USA,59,6.8,1.8,1.9,1996-97
Rafael Addison,CHH,32,203.2,109.315672,Syracuse,USA,41,3.1,1.1,0.8,1996-97
Stacey Augmon,POR,28,203.2,92.98636,Nevada-Las Vegas,USA,60,4.7,2.3,0.9,1996-97
Stanley Roberts,LAC,27,213.36,131.54168,Louisiana State,USA,18,9.5,5.1,0.5,1996-97
Tracy Moore,HOU,31,193.04,90.7184,Tulsa,USA,27,3.7,1,0.7,1996-97
Tracy Murray,WAS,25,200.66,103.418976,UCLA,USA,82,10,3.1,1,1996-97
Travis Best,IND,24,180.34,82.553744,Georgia Tech,USA,76,9.9,2.2,4.2,1996-97
Travis Knight,LAL,22,213.36,106.59412,Connecticut,USA,71,4.8,4.5,0.5,1996-97
Tyrone Corbin,ATL,34,198.12,102.0582,DePaul,USA,70,9.5,4.2,1.8,1996-97
Tyrone Hill,CLE,29,205.74,111.13004,Xavier,USA,74,12.9,9.9,1.2,1996-97
Tyus Edney,SAC,24,177.8,68.945984,UCLA,USA,70,6.9,1.6,3.2,1996-97
Vernon Maxwell,SAS,31,193.04,86.18248,Florida,USA,72,12.9,2.2,2.1,1996-97
Vin Baker,MIL,25,210.82,111.13004,Hartford,USA,78,21,10.3,2.7,1996-97
Vincent Askew,DEN,31,198.12,106.59412,Memphis,USA,43,5.6,2.3,2.1,1996-97
Vinny Del Negro,SAS,30,193.04,90.7184,North Carolina State,USA,72,12.3,2.9,3.2,1996-97
Tony Smith,CHH,29,193.04,92.98636,Marquette,USA,69,5,1.4,2.2,1996-97
Vitaly Potapenko,CLE,22,208.28,127.00576,Wright State,Ukraine,80,5.8,2.7,0.5,1996-97
Voshon Lenard,MIA,24,193.04,92.98636,Minnesota,USA,73,12.3,3,2.2,1996-97
Walt Williams,TOR,27,203.2,104.32616,Maryland,USA,73,16.4,5,2.7,1996-97
Walter McCarty,NYK,23,208.28,104.32616,Kentucky,USA,35,1.8,0.7,0.4,1996-97
Wayman Tisdale,PHX,33,205.74,117.93392,Oklahoma,USA,53,6.5,2.3,0.4,1996-97
Wesley Person,PHX,26,198.12,88.45044,Auburn,USA,80,13.5,3.7,1.5,1996-97
Will Perdue,SAS,31,213.36,108.86208,Vanderbilt,USA,65,8.7,9.8,0.6,1996-97
Willie Anderson,MIA,30,203.2,90.7184,Georgia,USA,28,3,1.5,1.2,1996-97
Willie Burton,ATL,29,203.2,95.25432,Minnesota,USA,24,6.2,1.7,0.5,1996-97
Xavier McDaniel,NJN,34,200.66,98.883056,Wichita State,USA,62,5.6,5.1,1,1996-97
Yinka Dare,NJN,24,213.36,120.20188,George Washington,USA,41,1.4,2,0.1,1996-97
Zan Tabak,TOR,27,213.36,111.13004,None,USA,13,6.5,3.8,1.1,1996-97
Vlade Divac,CHH,29,215.9,117.93392,None,Serbia and Montenegro,81,12.6,9,3.7,1996-97
Stacey King,DAL,30,210.82,113.398,Oklahoma,USA,11,2.2,2.5,0.1,1996-97
Tony Massenburg,NJN,29,205.74,113.398,Maryland,USA,79,7.2,6.5,0.3,1996-97
Tony Delk,CHH,23,187.96,85.728888,Kentucky,USA,61,5.4,1.6,1.6,1996-97
Stephen Howard,UTA,26,205.74,111.13004,DePaul,USA,49,3.6,1.7,0.2,1996-97
Stephon Marbury,MIN,20,187.96,81.64656,Georgia Tech,USA,67,15.8,2.7,7.8,1996-97
Steve Hamer,BOS,23,213.36,111.13004,Tennessee,USA,35,2.2,1.7,0.2,1996-97
Steve Kerr,CHI,31,190.5,81.64656,Arizona,USA,82,8.1,1.6,2.1,1996-97
Steve Nash,PHX,23,190.5,88.45044,Santa Clara,Canada,65,3.3,1,2.1,1996-97
Steve Scheffler,SEA,29,205.74,113.398,Purdue,USA,7,1.6,0.4,0,1996-97
Steven Smith,ATL,28,203.2,97.52228,Michigan State,USA,72,20.1,3.3,4.2,1996-97
Stevin Smith,DAL,25,187.96,94.347136,Arizona State,USA,8,1.8,1.3,0.5,1996-97
Stojko Vrankovic,MIN,33,218.44,117.93392,None,USA,53,3.4,3.2,0.3,1996-97
Terrell Brandon,CLE,27,180.34,81.64656,Oregon,USA,78,19.5,3.9,6.3,1996-97
Terry Cummings,SEA,36,205.74,113.398,DePaul,USA,45,8.2,4.1,0.9,1996-97
Tony Dumas,PHX,24,198.12,86.18248,Missouri-Kansas City,USA,24,3.6,0.7,1,1996-97
Terry Dehere,LAC,25,193.04,86.18248,Seton Hall,USA,73,6.4,1.3,2.2,1996-97
Terry Porter,MIN,34,190.5,88.45044,Wisconsin-Stevens Point,USA,82,6.9,2.1,3.6,1996-97
Theo Ratliff,DET,24,208.28,102.0582,Wyoming,USA,76,5.8,3.4,0.2,1996-97
Tim Hardaway,MIA,30,182.88,88.45044,Texas-El Paso,USA,81,20.3,3.4,8.6,1996-97
Tim Kempton,SAS,33,208.28,111.13004,Notre Dame,USA,10,0.4,0.8,0.2,1996-97
Tim Legler,WAS,30,193.04,90.7184,La Salle,USA,15,2.9,1.4,0.5,1996-97
Todd Day,BOS,27,198.12,85.275296,Arkansas,USA,81,14.5,4.1,1.4,1996-97
Todd Fuller,GSW,22,210.82,115.66596,North Carolina State,USA,75,4,3.3,0.3,1996-97
Tom Chambers,CHH,38,208.28,99.79024,Utah,USA,12,1.6,1.2,0.3,1996-97
Tom Gugliotta,MIN,27,208.28,108.86208,North Carolina State,USA,81,20.6,8.7,4.1,1996-97
Tom Hammonds,DEN,30,205.74,102.0582,Georgia Tech,USA,81,6.2,5,0.8,1996-97
Toni Kukoc,CHI,28,210.82,105.233344,None,Croatia,57,13.2,4.6,4.5,1996-97
Terry Mills,DET,29,208.28,113.398,Michigan,USA,79,10.8,4.8,1.3,1996-97
Priest Lauderdale,ATL,23,223.52,155.582056,Central State (OH),USA,35,3.2,1.2,0.3,1996-97
Shawn Respert,TOR,25,187.96,83.91452,Michigan State,USA,41,4.2,1,1,1996-97
Pooh Richardson,LAC,31,185.42,81.64656,UCLA,USA,59,5.6,1.7,2.9,1996-97
Kevin Duckworth,LAC,33,213.36,136.0776,Eastern Illinois,USA,26,4,2.3,0.6,1996-97
Kevin Edwards,NJN,31,190.5,95.25432,DePaul,USA,32,5.9,1.3,1.8,1996-97
Kevin Gamble,SAC,31,195.58,95.25432,Iowa,USA,62,5,1.7,1.2,1996-97
Kevin Garnett,MIN,21,210.82,99.79024,None,USA,77,17,8,3.1,1996-97
Kevin Johnson,PHX,31,185.42,86.18248,California,USA,70,20.1,3.6,9.3,1996-97
Kevin Salvadori,SAC,26,213.36,104.779752,North Carolina,USA,23,1.6,1.1,0.4,1996-97
Kevin Willis,HOU,34,213.36,111.13004,Michigan State,USA,75,11.2,7.5,0.9,1996-97
Khalid Reeves,DAL,24,190.5,91.171992,Arizona,USA,63,8.2,1.9,3.6,1996-97
Kobe Bryant,LAL,18,200.66,90.7184,None,USA,71,7.6,1.9,1.3,1996-97
Kurt Thomas,MIA,24,205.74,106.59412,Texas Christian,USA,18,6.3,5.9,0.5,1996-97
LaPhonso Ellis,DEN,27,203.2,108.86208,Notre Dame,USA,55,21.9,7,2.4,1996-97
LaSalle Thompson,IND,36,208.28,111.13004,Texas,USA,26,0.4,1.3,0.1,1996-97
Lamond Murray,LAC,24,200.66,107.047712,California,USA,74,7.4,3.1,0.8,1996-97
Larry Johnson,NYK,28,200.66,119.294696,Nevada-Las Vegas,USA,76,12.8,5.2,2.3,1996-97
Larry Krystkowiak,LAL,32,205.74,99.79024,Montana,USA,3,1,1.7,1,1996-97
Larry Stewart,SEA,28,203.2,104.32616,Coppin State,USA,70,4.3,2.4,0.7,1996-97
Latrell Sprewell,GSW,26,195.58,86.18248,Alabama,USA,80,24.2,4.6,6.3,1996-97
Lawrence Moten,VAN,25,195.58,86.18248,Syracuse,USA,67,6.7,1.8,1.9,1996-97
Lee Mayberry,VAN,27,185.42,81.64656,Arkansas,USA,80,5.1,1.7,4.1,1996-97
Lindsey Hunter,DET,26,187.96,88.45044,Jackson State,USA,82,14.2,2.8,1.9,1996-97
Lionel Simmons,SAC,28,200.66,95.25432,La Salle,USA,41,3.4,2.5,1.4,1996-97
Litterial Green,DET,27,185.42,83.91452,Georgia,USA,45,2,0.5,0.9,1996-97
Lloyd Daniels,NJN,29,200.66,92.98636,Mt. San Antonio,USA,22,4.5,2,1.2,1996-97
Kerry Kittles,NJN,23,195.58,81.192968,Villanova,USA,82,16.4,3.9,3,1996-97
Kenny Smith,DEN,32,190.5,77.11064,North Carolina,USA,48,6.3,0.9,2.4,1996-97
Kenny Anderson,POR,26,185.42,76.203456,Georgia Tech,USA,82,17.5,4.4,7.1,1996-97
Kendall Gill,NJN,29,195.58,97.975872,Illinois,USA,82,21.8,6.1,4,1996-97
Jim Jackson,NJN,26,198.12,97.52228,Ohio State,USA,77,15.9,5.3,4.1,1996-97
Popeye Jones,TOR,27,203.2,113.398,Murray State,USA,79,7.8,8.6,1.1,1996-97
Jimmy Carruth,MIL,27,208.28,120.20188,Virginia Tech,USA,4,1.3,1,0,1996-97
Jimmy King,DEN,23,195.58,95.25432,Michigan,USA,2,3,1,1,1996-97
Jimmy Oliver,TOR,27,195.58,92.98636,Purdue,USA,4,2.8,1.3,0.3,1996-97
Joe Courtney,SAS,27,203.2,106.59412,Southern Mississippi,USA,9,2.8,1.8,0,1996-97
Joe Dumars,DET,34,190.5,88.45044,McNeese State,USA,79,14.7,2.4,4,1996-97
Joe Kleine,NJN,35,213.36,122.923432,Arkansas,USA,59,2.8,3.4,0.6,1996-97
Joe Smith,GSW,21,208.28,102.0582,Maryland,USA,80,18.7,8.5,1.6,1996-97
Joe Stephens,HOU,24,200.66,95.25432,Arkansas-Little Rock,USA,2,1.5,1.5,0,1996-97
Joe Wolf,MIL,32,210.82,117.93392,North Carolina,USA,56,1.7,2,0.4,1996-97
Loren Meyer,PHX,24,208.28,117.93392,Iowa State,USA,54,4.9,2.7,0.4,1996-97
John Crotty,MIA,27,187.96,83.91452,Virginia,USA,48,4.8,1,2.1,1996-97
John Starks,NYK,31,195.58,83.91452,Oklahoma State,USA,77,13.8,2.7,2.8,1996-97
John Stockton,UTA,35,185.42,79.3786,Gonzaga,USA,82,14.4,2.8,10.5,1996-97
John Wallace,NYK,23,205.74,102.0582,Syracuse,USA,68,4.8,2.3,0.5,1996-97
Johnny Newman,MIL,33,200.66,90.7184,Richmond,USA,82,8.7,2.3,1.4,1996-97
Jon Barry,ATL,27,195.58,92.98636,Georgia Tech,USA,58,4.9,1.7,2,1996-97
Jud Buechler,CHI,29,198.12,103.418976,Arizona,USA,76,1.8,1.7,0.8,1996-97
Juwan Howard,WAS,24,205.74,113.398,Michigan,USA,82,19.1,8,3.8,1996-97
Karl Malone,UTA,33,205.74,116.119552,Louisiana Tech,USA,82,27.4,9.9,4.5,1996-97
Keith Askins,MIA,29,203.2,101.604608,Alabama,USA,78,4.9,3.5,1,1996-97
Keith Tower,MIL,27,210.82,113.398,Notre Dame,USA,5,1.4,1.8,0.2,1996-97
Ken Norman,ATL,32,203.2,97.52228,Illinois,USA,17,3.8,2.3,0.7,1996-97
John Long,TOR,40,195.58,90.7184,Detroit Mercy,USA,32,4,1.3,0.7,1996-97
Lorenzen Wright,LAC,21,210.82,108.86208,Memphis,USA,77,7.3,6.1,0.6,1996-97
Jim McIlvaine,SEA,24,215.9,117.93392,Marquette,USA,82,3.8,4,0.3,1996-97
Lou Roe,GSW,24,200.66,99.79024,Massachusetts,USA,17,2.4,0.8,0.4,1996-97
Michael Curry,DET,28,195.58,95.25432,Georgia Southern,USA,81,3.9,1.5,0.5,1996-97
Michael Finley,DAL,24,200.66,97.52228,Wisconsin,USA,83,15,4.5,2.7,1996-97
Michael Hawkins,BOS,24,182.88,80.739376,Xavier,USA,29,2.8,1.1,2.2,1996-97
Michael Jordan,CHI,34,198.12,97.975872,North Carolina,USA,82,29.6,5.9,4.3,1996-97
Michael Smith,SAC,25,203.2,104.32616,Providence,USA,81,6.5,9.5,2.4,1996-97
Mike Brown,PHX,33,208.28,117.93392,George Washington,USA,6,2.7,4.2,0.8,1996-97
Mitch Richmond,SAC,32,195.58,97.52228,Kansas State,USA,81,25.9,3.9,4.2,1996-97
Mitchell Butler,POR,26,195.58,95.25432,UCLA,USA,49,3,1.1,0.6,1996-97
Monty Williams,SAS,25,203.2,102.0582,Notre Dame,USA,65,9,3.2,1.4,1996-97
Moochie Norris,VAN,23,187.96,85.275296,West Florida,USA,8,1.5,1.5,2.9,1996-97
Mookie Blaylock,ATL,30,185.42,83.91452,Oklahoma,USA,78,17.4,5.3,5.9,1996-97
Michael Cage,PHI,35,205.74,112.490816,San Diego State,USA,82,1.8,3.9,0.5,1996-97
Muggsy Bogues,CHH,32,160.02,63.956472,Wake Forest,USA,65,8,2.2,7.2,1996-97
Nate McMillan,SEA,32,195.58,90.7184,North Carolina State,USA,37,4.6,3.2,3.8,1996-97
Nick Anderson,ORL,29,198.12,103.418976,Illinois,USA,63,12,4.8,2.9,1996-97
Nick Van Exel,LAL,25,185.42,83.007336,Cincinnati,USA,79,15.3,2.9,8.5,1996-97
Olden Polynice,SAC,32,213.36,113.398,Virginia,USA,82,12.5,9.4,2.2,1996-97
Oliver Miller,TOR,27,205.74,140.61352,Arkansas,USA,61,4.8,5,1.4,1996-97
Othella Harrington,HOU,23,205.74,106.59412,Georgetown,USA,57,4.8,3.5,0.3,1996-97
Otis Thorpe,DET,34,208.28,111.583632,Providence,USA,79,13.1,7.9,1.7,1996-97
P.J. Brown,MIA,27,210.82,108.86208,Louisiana Tech,USA,80,9.5,8.4,1.2,1996-97
Patrick Ewing,NYK,34,213.36,108.86208,Georgetown,Jamaica,78,22.4,10.7,2,1996-97
Pervis Ellison,BOS,30,205.74,95.25432,Louisville,USA,6,2.5,4.3,0.7,1996-97
Lorenzo Williams,WAS,27,205.74,104.32616,Stetson,USA,19,2.4,3.6,0.2,1996-97
Nate Driggers,BOS,23,195.58,97.52228,Montevallo,USA,15,2.4,1.5,0.4,1996-97
Melvin Booker,GSW,24,187.96,83.91452,Missouri,USA,21,5.8,1.4,2.5,1996-97
Pete Chilcutt,VAN,28,208.28,108.86208,North Carolina,USA,54,3.4,2.9,0.9,1996-97
Matt Maloney,HOU,25,190.5,90.7184,Pennsylvania,USA,82,9.4,2,3.7,1996-97
Matt Steigenga,CHI,27,200.66,102.0582,Michigan State,USA,2,1.5,1.5,1,1996-97
Loy Vaught,LAC,29,205.74,108.86208,Michigan,USA,82,14.9,10,1.3,1996-97
Luc Longley,CHI,28,218.44,132.448864,New Mexico,USA,59,9.1,5.6,2.4,1996-97
Lucious Harris,PHI,26,195.58,92.98636,Long Beach State,USA,54,5.4,1.3,0.9,1996-97
Mahmoud Abdul-Rauf,SAC,28,185.42,73.481904,Louisiana State,USA,75,13.7,1.6,2.5,1996-97
Malik Rose,CHH,22,200.66,113.398,Drexel,USA,54,3,3,0.6,1996-97
Malik Sealy,LAC,27,203.2,90.7184,St. John's (NY),USA,80,13.5,3,2.1,1996-97
Marcus Camby,TOR,23,210.82,99.79024,Massachusetts,USA,63,14.8,6.3,1.5,1996-97
Mario Elie,HOU,33,195.58,95.25432,American International,USA,78,11.7,3,4,1996-97
Mark Bradtke,PHI,28,208.28,120.20188,None,USA,36,1.6,1.9,0.2,1996-97
Mark Bryant,PHX,32,205.74,111.13004,Seton Hall,USA,41,9.3,5.2,1.1,1996-97
Marcus Brown,POR,23,190.5,83.91452,Murray State,USA,21,3.9,0.7,1,1996-97
Mark Hendrickson,PHI,23,205.74,99.79024,Washington State,USA,29,2.9,3.2,0.1,1996-97
Mark Jackson,IND,32,190.5,83.91452,St. John's (NY),USA,82,9.9,4.8,11.4,1996-97
Mark Price,GSW,33,182.88,81.64656,Georgia Tech,USA,70,11.3,2.6,4.9,1996-97
Mark Strickland,MIA,26,208.28,99.79024,Temple,USA,31,2,1.2,0,1996-97
Matt Geiger,CHH,27,215.9,111.13004,Georgia Tech,USA,49,8.9,5.3,0.8,1996-97
Mark West,CLE,36,208.28,111.583632,Old Dominion,USA,70,3.2,2.7,0.3,1996-97
Martin Lewis,TOR,22,198.12,102.0582,Seward County Community College,USA,9,1.6,0.7,0.4,1996-97
Martin Muursepp,DAL,22,205.74,106.59412,None,USA,42,3.7,1.6,0.5,1996-97
Marty Conlon,BOS,29,210.82,111.13004,Providence,USA,74,7.8,4.4,1.4,1996-97
Matt Bullard,HOU,30,208.28,106.59412,Iowa,USA,71,4.5,1.6,0.9,1996-97
Matt Fish,MIA,27,210.82,106.59412,North Carolina-Wilmington,USA,6,0.3,0.8,0,1996-97
Mark Davis,PHI,24,200.66,95.25432,Texas Tech,USA,75,8.5,4.3,1.8,1996-97